Red,Green,Blue,Yellow
9,9,9,9
23,22,23,22
34,33,32,33
42,41,43,45
52,48,51,57
65,51,61,71
74,60,71,81
86,69,80,85
90,75,87,91
99,81,92,98
106,89,98,101
111,96,103,106
114,98,107,114
116,101,112,118
122,103,118,126
126,111,123,130
126,118,127,137
131,123,134,143
136,133,139,146
136,141,147,149
142,144,154,149
143,150,157,151
144,157,156,159
145,163,159,165
149,170,162,169
154,176,170,171
160,181,170,178
168,183,177,183
169,194,182,186
180,196,187,187
186,202,189,187
189,204,198,189
194,212,197,198
197,219,194,205
203,223,189,211
206,227,194,213
208,231,195,219
212,233,199,228
216,240,204,231
217,241,210,234
217,246,211,237
225,248,208,240
225,256,207,249
237,256,209,252
243,256,218,252
245,259,217,259
247,264,221,262
254,266,223,273
259,277,227,277
267,287,226,281
274,288,231,286
278,293,233,294
282,296,234,301
293,300,230,309
293,302,231,317
295,305,235,322
303,309,237,322
308,313,238,327
308,320,245,327
307,327,248,331
313,338,249,332
314,342,250,339
315,345,256,338
321,349,249,347
325,353,249,354
332,356,247,362
336,356,246,371
336,362,250,372
338,368,256,373
337,378,260,375
341,383,266,375
342,381,271,379
339,381,276,388
344,383,279,390
345,385,283,399
349,386,283,405
353,388,283,413
349,394,290,417
346,397,295,420
350,401,292,426
358,400,297,429
368,397,299,432
370,401,305,432
374,405,306,434
381,405,307,437
393,404,306,439
396,410,307,441
403,413,307,443
404,417,308,446
403,424,313,451
409,427,318,449
409,431,327,445
406,433,335,449
412,437,342,445
417,444,344,444
421,445,348,449
423,452,352,448
421,460,361,444
422,463,365,447
425,468,365,455
426,475,367,458
430,475,370,461
433,476,372,466
431,481,373,466
434,480,380,469
434,485,381,468
433,493,381,469
435,490,385,473
436,495,387,474
439,498,389,475
445,497,388,479
450,501,389,484
452,505,394,484
455,502,404,484
461,500,402,489
461,503,401,494
462,506,405,494
464,513,409,490
461,516,418,489
457,517,427,489
457,515,431,494
458,516,433,496
463,516,435,493
461,518,440,492
457,520,443,493
456,523,444,495
459,525,444,498
462,527,447,494
464,527,453,491
467,531,454,492
471,531,456,491
475,533,454,494
481,529,456,495
487,528,457,499
498,523,457,502
502,525,461,500
508,522,468,496
511,519,468,498
518,523,473,489
520,531,473,485
525,528,469,495
527,535,470,497
533,536,469,501
532,541,475,499
530,546,477,502
532,551,476,504
536,549,480,507
537,552,489,502
541,548,492,503
542,553,493,504
540,555,495,505
538,559,497,507
538,557,500,508
546,554,499,512
549,557,498,515
548,561,501,514
548,570,503,512
550,576,501,512
547,576,505,515
547,578,511,515
546,587,508,513
547,592,508,517
547,592,506,522
548,599,508,518
550,602,510,519
553,602,513,518
556,603,513,517
555,610,514,516
554,615,514,520
553,617,517,520
551,619,519,521
552,619,520,520
555,615,525,519
555,616,525,523
557,618,525,522
559,615,526,524
560,615,528,526
565,618,524,526
569,615,528,525
567,619,529,525
568,621,526,528
566,625,524,534
567,625,521,537
569,625,516,540
561,630,515,546
560,632,509,555
558,634,509,557
557,637,508,558
554,642,508,559
552,648,502,563
549,654,499,564
553,655,498,564
556,655,494,567
557,659,492,567
557,663,491,568
555,662,492,570
556,665,492,568
551,666,496,569
548,669,497,569
545,669,500,569
545,674,503,566
543,674,504,568
543,674,507,566
541,678,508,565
544,679,510,565
541,685,510,565
540,687,511,565
539,684,516,567
542,680,522,564
542,677,527,565
543,678,534,560
543,677,538,560
544,675,539,561
544,678,539,562
542,680,541,561
544,680,545,559
544,684,545,559
546,685,542,562
547,683,541,566
548,684,541,567
550,682,544,568
555,678,545,567
556,681,544,565
557,684,546,561
554,690,545,560
557,691,543,562
558,695,541,562
557,696,542,565
557,697,541,569
559,691,544,571
562,688,547,572
563,686,554,571
567,687,553,570
567,684,557,571
567,685,563,567
570,683,562,568
573,680,561,570
570,686,563,566
572,685,565,564
571,683,565,567
570,682,565,570
569,685,565,569
569,686,568,567
572,686,565,569
567,688,565,573
564,690,564,575
561,693,561,579
557,695,565,579
553,694,562,589
548,695,564,592
545,696,566,592
541,701,568,591
539,700,570,593
535,704,573,592
533,707,576,590
531,710,579,589
529,706,582,593
529,705,584,594
532,701,588,594
534,702,590,590
532,702,594,589
527,703,599,588
525,703,603,586
523,705,603,586
521,707,603,586
520,707,605,586
523,704,605,586
526,703,603,587
522,705,602,590
525,705,600,590
527,703,600,590
525,707,602,586
525,708,606,582
522,706,607,588
520,706,610,587
521,703,612,587
522,703,611,588
519,709,611,586
519,710,610,586
516,713,609,588
513,715,612,587
512,713,612,590
513,710,612,592
510,711,616,590
511,711,616,590
510,710,620,588
510,710,620,590
511,709,622,589
511,711,622,587
511,712,619,589
508,714,622,587
507,715,624,586
506,716,626,584
506,718,626,582
505,720,627,580
505,717,628,583
506,715,628,585
502,720,630,583
501,720,628,588
498,724,630,585
495,725,636,583
495,724,640,580
495,723,640,581
496,722,643,578
493,725,647,574
493,723,649,574
494,719,650,577
492,718,655,575
496,714,655,575
494,714,660,573
492,714,661,574
495,712,663,571
496,711,660,574
501,706,661,573
501,705,661,575
499,708,659,576
501,705,663,573
501,703,665,574
502,702,664,576
499,704,661,580
499,705,662,581
504,702,659,582
506,703,656,582
509,702,659,578
509,699,659,582
513,697,660,580
514,694,663,579
514,693,662,581
513,692,660,586
513,692,660,587
511,693,663,586
509,693,665,587
509,693,669,584
511,692,670,584
512,688,673,584
511,693,674,580
512,695,676,576
513,694,680,573
515,691,685,571
517,687,686,572
518,687,689,568
519,690,688,565
519,691,689,564
517,696,690,561
518,697,688,563
516,699,690,563
514,703,685,567
510,705,685,569
507,709,684,569
504,715,685,568
504,717,685,566
505,716,686,565
505,714,687,566
505,715,687,566
500,719,690,564
501,720,694,558
504,718,692,560
506,717,696,555
506,717,699,552
510,718,695,552
513,717,694,551
516,716,692,551
516,716,693,550
520,714,690,551
520,714,689,552
520,715,692,548
520,714,691,550
517,716,693,549
518,718,687,552
520,719,688,548
520,720,689,546
519,722,686,549
520,718,683,555
521,717,680,558
521,716,679,560
521,717,677,561
526,714,672,564
533,711,669,563
536,711,663,566
538,710,661,568
540,711,660,567
540,710,661,567
538,712,659,569
538,710,659,572
538,709,661,573
537,713,661,570
536,712,661,572
540,710,661,570
541,713,661,566
545,709,660,567
548,708,659,566
550,706,656,569
552,704,654,571
557,703,649,572
558,704,649,570
558,707,646,570
557,708,648,568
556,707,650,568
555,705,653,568
556,703,656,566
555,703,658,565
556,700,660,565
555,701,660,565
557,701,658,565
562,697,654,568
567,690,655,570
565,690,659,568
571,686,657,569
571,685,658,569
570,687,659,567
571,689,658,565
573,689,659,563
578,688,657,562
580,687,657,561
587,685,655,558
587,683,658,557
587,679,659,560
586,680,658,561
589,678,656,562
592,676,653,564
592,674,656,563
596,674,656,559
600,674,653,558
603,673,651,558
604,674,651,556
605,674,648,558
609,676,642,558
611,677,640,557
614,677,640,554
616,676,639,554
618,674,640,553
621,669,641,554
624,666,641,555
623,668,641,555
623,670,641,553
625,670,642,550
631,669,638,549
634,667,638,548
636,664,641,546
636,661,643,548
636,657,644,551
639,654,640,555
639,656,638,555
642,654,635,557
643,653,632,560
648,651,630,559
645,651,631,561
648,651,631,559
648,653,631,559
648,654,632,558
645,654,633,560
643,658,635,556
646,657,636,554
647,653,639,554
649,652,639,553
647,651,643,552
650,649,644,550
650,647,647,549
648,646,650,549
647,645,650,551
648,645,651,549
649,646,650,548
652,646,644,551
653,645,643,552
656,644,643,550
657,643,644,549
658,643,642,550
664,640,639,550
667,640,635,551
668,637,636,552
667,637,638,551
672,633,638,550
674,632,638,549
679,630,636,548
682,629,636,546
684,630,635,544
687,629,634,543
689,628,634,542
688,628,637,540
688,629,638,538
690,627,636,540
693,624,637,539
697,623,634,539
700,622,633,538
699,622,635,538
701,621,634,538
700,619,635,540
702,617,635,540
702,615,637,540
704,614,637,539
706,612,634,542
709,610,633,542
710,608,636,540
709,609,637,539
709,610,638,537
708,610,641,535
706,610,642,536
704,609,646,535
705,608,645,536
708,606,644,536
708,605,643,538
710,604,642,538
708,605,645,536
709,606,647,532
706,608,648,532
707,611,646,530
707,615,642,530
707,617,641,529
708,618,640,528
709,616,640,529
709,614,638,533
709,615,636,534
711,616,635,532
714,616,634,530
714,618,635,527
715,618,636,525
717,620,635,522
719,621,635,520
723,622,631,520
723,622,630,521
727,623,626,521
725,624,628,520
727,623,626,522
727,623,623,525
727,624,622,525
728,624,621,525
729,625,620,524
732,625,617,524
732,627,616,523
733,627,614,524
735,628,611,524
737,629,607,525
738,631,603,526
740,632,598,528
743,629,595,531
746,629,592,531
747,629,590,532
750,629,590,529
753,629,587,529
757,628,582,531
760,627,578,533
760,630,576,532
758,632,575,533
759,630,575,534
760,629,575,534
759,630,575,534
761,632,573,532
763,632,573,530
764,632,571,531
765,631,570,532
770,627,569,532
774,627,565,532
774,626,565,533
775,625,563,535
777,624,562,535
780,624,561,533
780,623,560,535
785,620,559,534
790,620,557,531
789,622,555,532
789,624,555,530
789,625,553,531
790,626,553,529
791,624,553,530
796,622,551,529
796,623,551,528
800,623,548,527
801,624,548,525
806,622,545,525
809,620,542,527
813,616,542,527
815,614,542,527
817,610,544,527
818,606,545,529
816,605,547,530
819,601,547,531
823,598,548,529
827,595,547,529
828,594,549,527
829,595,548,526
831,594,548,525
834,589,548,527
834,587,550,527
834,587,551,526
833,587,553,525
833,585,554,526
830,584,557,527
827,586,558,528
824,589,558,528
819,592,560,528
818,592,561,528
819,592,559,529
818,593,561,527
817,592,561,529
818,593,560,528
816,593,562,528
819,593,560,527
818,596,557,528
816,597,559,527
816,598,557,528
815,600,557,527
814,601,556,528
815,601,555,528
818,601,554,526
816,602,554,527
813,603,556,527
813,602,556,528
814,601,555,529
816,601,553,529
817,602,552,528
821,599,551,528
824,595,552,528
829,590,550,530
831,589,549,530
831,589,546,533
834,589,543,533
835,589,541,534
838,589,539,533
836,589,541,533
839,589,540,531
841,588,539,531
842,589,537,531
845,589,535,530
848,588,532,531
853,587,528,531
858,584,524,533
859,583,522,535
861,582,519,537
865,579,517,538
867,579,515,538
869,579,514,537
871,580,511,537
870,582,511,536
869,583,511,536
867,583,512,537
866,583,510,540
867,580,512,540
867,581,512,539
868,579,513,539
869,579,512,539
870,577,511,541
870,577,511,541
869,577,511,542
870,575,512,542
869,572,512,546
873,568,510,548
873,567,509,550
873,567,508,551
874,567,507,551
874,565,506,554
873,564,506,556
871,566,504,558
871,565,503,560
871,564,503,561
871,566,499,563
872,566,498,563
874,564,496,565
876,563,494,566
879,562,491,567
880,562,491,566
886,560,487,566
888,560,486,565
890,561,484,564
893,559,482,565
892,561,482,564
894,562,480,563
893,563,478,565
895,564,475,565
895,564,474,566
894,566,473,566
893,568,470,568
894,567,469,569
895,566,467,571
891,568,467,573
890,568,465,576
888,568,467,576
890,569,465,575
893,569,462,575
897,569,458,575
899,570,454,576
904,569,450,576
908,567,446,578
909,567,444,579
909,569,444,577
912,569,441,577
913,568,440,578
913,567,440,579
914,566,441,578
917,565,442,575
915,565,442,577
915,564,441,579
913,566,441,579
913,567,441,578
911,568,441,579
913,567,440,579
914,567,440,578
917,568,442,572
917,568,441,573
919,566,443,571
922,566,442,569
923,567,444,565
923,567,445,564
924,564,447,564
926,560,450,563
929,558,451,561
932,553,453,561
932,552,453,562
934,549,452,564
933,549,452,565
931,548,453,567
930,550,453,566
929,550,454,566
924,552,457,566
923,554,457,565
920,556,458,565
918,558,457,566
920,559,456,564
923,556,455,565
923,555,455,566
923,552,454,570
925,552,454,568
925,550,453,571
925,551,452,571
925,551,451,572
926,550,452,571
926,549,452,572
926,548,450,575
927,547,449,576
926,549,449,575
925,550,449,575
926,548,449,576
930,548,446,575
927,555,445,572
929,556,444,570
928,558,443,570
929,558,442,570
928,558,442,571
928,558,443,570
929,557,443,570
927,559,445,568
927,559,446,567
927,559,448,565
927,559,449,564
927,560,449,563
928,559,448,564
927,559,449,564
926,559,449,565
928,559,448,564
927,560,446,566
925,564,445,565
924,567,443,565
925,565,442,567
924,566,444,565
926,562,441,570
926,564,439,570
923,560,442,574
925,558,441,575
927,558,438,576
930,558,436,575
928,559,437,575
926,562,435,576
921,566,434,578
919,569,432,579
920,567,430,582
918,567,429,585
919,565,429,586
919,565,426,589
922,564,421,592
924,565,418,592
923,568,414,594
922,568,414,595
922,569,416,592
920,573,414,592
920,577,410,592
915,583,411,590
915,583,411,591
915,584,411,590
917,585,409,589
916,585,410,589
916,584,409,591
913,588,409,590
910,589,409,592
908,592,409,591
906,595,411,588
908,598,410,584
909,601,408,582
909,604,406,581
907,605,408,580
908,607,407,578
912,609,402,577
910,610,404,576
906,613,406,575
903,618,408,571
900,617,411,572
900,614,415,571
897,613,416,574
898,612,416,574
897,614,418,571
900,615,417,568
898,617,417,568
894,618,419,569
893,620,418,569
889,626,418,567
889,625,418,568
890,624,415,571
889,625,413,573
888,627,409,576
884,632,410,574
883,631,412,574
885,633,407,575
884,636,405,575
884,637,402,577
884,637,400,579
883,640,401,576
881,641,400,578
881,640,399,580
882,641,399,578
877,643,401,579
875,646,402,577
871,647,404,578
869,648,403,580
870,650,399,581
869,650,400,581
870,653,397,580
868,656,395,581
868,657,396,579
871,657,395,577
872,659,393,576
875,655,392,578
879,652,390,579
883,648,390,579
884,648,390,578
884,650,389,577
883,654,387,576
885,656,385,574
886,658,384,572
888,660,382,570
887,661,381,571
887,664,381,568
885,667,382,566
885,669,382,564
883,673,380,564
883,673,379,565
883,673,377,567
879,677,378,566
881,676,377,566
881,679,376,564
882,679,376,563
885,679,374,562
884,683,371,562
883,685,372,560
882,687,371,560
882,686,371,561
882,684,372,562
881,686,372,561
880,687,372,561
876,691,373,560
876,692,373,559
877,694,373,556
879,695,371,555
881,695,368,556
879,698,368,555
873,702,371,554
873,702,372,553
874,704,371,551
873,707,372,548
874,709,373,544
875,709,374,542
874,712,374,540
876,714,374,536
877,715,375,533
878,717,375,530
879,718,374,529
877,720,374,529
877,724,374,525
874,727,374,525
877,730,371,522
878,733,369,520
877,736,369,518
878,734,369,519
876,738,369,517
876,740,369,515
878,741,368,513
882,738,366,514
882,743,362,513
884,746,360,510
886,748,359,507
886,750,359,505
887,753,357,503
887,753,358,502
888,754,356,502
883,753,358,506
883,752,359,506
882,753,359,506
878,757,358,507
879,758,357,506
876,761,358,505
871,764,360,505
870,766,360,504
867,771,361,501
864,772,361,503
863,773,361,503
862,776,361,501
856,779,363,502
855,781,362,502
855,782,363,500
857,779,364,500
856,782,363,499
851,789,364,496
850,792,365,493
851,793,366,490
850,796,367,487
849,799,367,485
847,804,366,483
846,807,365,482
843,810,365,482
841,812,366,481
839,813,368,480
838,814,367,481
839,814,367,480
840,812,368,480
838,814,370,478
838,815,369,478
839,814,368,479
838,811,369,482
838,811,368,483
836,812,369,483
835,814,369,482
837,814,369,480
831,818,369,482
832,819,368,481
832,821,368,479
835,823,368,474
839,824,367,470
839,822,370,469
837,825,369,469
834,827,370,469
834,827,371,468
837,828,369,466
834,832,369,465
831,830,372,467
829,831,372,468
828,830,372,470
827,828,373,472
824,830,373,473
821,835,374,470
821,834,373,472
819,837,373,471
821,838,372,469
822,839,371,468
823,841,371,465
825,841,370,464
822,841,371,466
820,843,371,466
821,844,370,465
818,848,370,464
821,846,369,464
820,848,369,463
820,851,367,462
821,850,364,465
823,851,363,463
825,852,360,463
824,854,362,460
825,856,363,456
824,859,363,454
825,861,361,453
823,862,362,453
822,862,363,453
821,863,364,452
820,865,366,449
818,865,368,449
817,865,369,449
814,867,370,449
809,871,374,446
804,875,375,446
802,877,377,444
798,879,381,442
797,880,381,442
796,879,383,442
795,879,385,441
791,880,388,441
786,882,392,440
786,884,391,439
785,884,392,439
783,885,392,440
782,885,393,440
783,887,393,437
784,886,393,437
783,887,395,435
781,887,398,434
780,891,396,433
777,893,398,432
775,897,397,431
776,900,395,429
776,902,395,427
778,904,392,426
780,906,388,426
776,911,388,425
777,912,386,425
775,912,386,427
776,912,384,428
776,913,382,429
775,914,381,430
774,917,378,431
774,919,377,430
773,919,378,430
775,920,375,430
774,920,376,430
772,921,376,431
770,924,376,430
766,925,377,432
762,929,378,431
764,930,376,430
764,929,376,431
765,926,377,432
766,923,378,433
767,920,378,435
766,922,378,434
765,925,378,432
763,925,379,433
763,928,377,432
764,929,376,431
762,929,377,432
762,928,378,432
762,927,380,431
765,928,379,428
765,930,377,428
764,932,375,429
764,934,375,427
765,934,374,427
762,938,373,427
763,939,373,425
763,942,372,423
762,944,371,423
762,942,372,424
764,939,374,423
764,937,376,423
766,933,378,423
767,933,377,423
765,934,376,425
765,933,376,426
765,934,375,426
764,934,375,427
763,935,374,428
760,937,375,428
759,939,376,426
755,942,376,427
758,943,374,425
759,945,374,422
759,948,374,419
759,949,375,417
757,953,373,417
756,955,370,419
755,954,372,419
751,957,371,421
750,958,369,423
747,962,369,422
748,961,368,423
744,966,366,424
746,964,368,422
741,967,370,422
742,968,369,421
740,969,369,422
741,969,368,422
745,968,367,420
746,970,366,418
746,972,367,415
741,977,368,414
743,976,368,413
742,977,368,413
739,980,369,412
739,983,367,411
738,985,368,409
738,986,367,409
737,987,366,410
736,988,366,410
736,989,365,410
736,989,364,411
731,991,367,411
729,995,366,410
728,997,366,409
728,999,367,406
728,1002,364,406
728,1006,362,404
729,1006,361,404
730,1006,361,403
730,1007,361,402
731,1009,360,400
733,1010,358,399
734,1010,360,396
737,1010,358,395
738,1010,356,396
739,1010,355,396
740,1009,355,396
742,1011,353,394
741,1014,354,391
740,1015,354,391
739,1016,354,391
739,1017,353,391
740,1016,353,391
741,1016,353,390
740,1017,353,390
739,1019,352,390
740,1019,351,390
738,1021,352,389
737,1023,351,389
736,1023,353,388
737,1023,352,388
738,1023,352,387
738,1025,352,385
736,1027,352,385
734,1029,354,383
736,1025,358,381
738,1022,360,380
740,1020,361,379
741,1020,360,379
741,1018,363,378
742,1013,366,379
744,1010,367,379
742,1011,368,379
740,1012,369,379
737,1014,370,379
735,1017,370,378
735,1017,371,377
734,1018,371,377
732,1020,372,376
730,1023,371,376
729,1025,371,375
728,1023,373,376
729,1023,371,377
728,1025,370,377
728,1026,370,376
731,1026,368,375
734,1023,368,375
735,1022,367,376
735,1024,365,376
734,1026,364,376
736,1023,364,377
736,1022,364,378
734,1023,364,379
732,1026,366,376
729,1029,369,373
726,1032,369,373
725,1032,370,373
724,1035,369,372
722,1039,368,371
721,1039,370,370
721,1038,370,371
720,1039,371,370
721,1038,371,370
719,1040,372,369
717,1043,373,367
717,1043,374,366
718,1043,374,365
717,1045,374,364
716,1047,374,363
715,1049,374,362
715,1049,375,361
717,1048,374,361
720,1048,373,359
720,1047,374,359
721,1048,374,357
720,1051,374,355
720,1051,374,355
719,1051,377,353
720,1050,377,353
719,1053,376,352
717,1055,377,351
715,1059,376,350
713,1064,376,347
713,1067,375,345
711,1070,375,344
710,1070,375,345
711,1071,375,343
712,1071,375,342
712,1075,374,339
709,1077,375,339
707,1077,376,340
707,1075,377,341
704,1080,377,339
705,1079,377,339
705,1078,378,339
704,1079,377,340
706,1076,377,341
705,1077,378,340
705,1078,377,340
702,1081,376,341
704,1082,374,340
705,1081,375,339
703,1079,378,340
702,1080,377,341
706,1077,377,340
707,1075,378,340
709,1075,376,340
712,1074,374,340
714,1074,372,340
713,1078,369,340
710,1082,369,339
710,1083,367,340
711,1084,365,340
710,1085,364,341
710,1087,363,340
712,1089,361,338
711,1089,361,339
711,1091,360,338
712,1091,360,337
714,1091,359,336
714,1088,361,337
716,1087,361,336
717,1086,361,336
720,1085,359,336
725,1083,356,336
727,1081,356,336
728,1080,356,336
729,1079,355,337
729,1080,353,338
729,1081,351,339
730,1078,352,340
733,1076,351,340
731,1078,350,341
733,1079,347,341
733,1080,345,342
736,1081,340,343
739,1082,335,344
740,1082,334,344
741,1083,331,345
741,1085,329,345
742,1087,327,344
745,1086,325,344
744,1089,324,343
746,1090,321,343
745,1092,321,342
746,1092,321,341
745,1094,320,341
748,1094,317,341
747,1096,317,340
746,1096,318,340
742,1099,319,340
740,1103,319,338
737,1105,320,338
738,1106,320,336
737,1106,320,337
736,1106,322,336
734,1107,323,336
735,1106,324,335
733,1107,326,334
733,1108,326,333
735,1108,324,333
736,1111,322,331
738,1112,320,330
740,1113,319,328
742,1114,318,326
741,1117,317,325
740,1120,317,323
740,1121,315,324
740,1123,313,324
740,1123,313,324
739,1125,312,324
740,1126,311,323
739,1126,312,323
739,1125,313,323
738,1127,313,322
736,1128,314,322
734,1129,315,322
733,1129,316,322
732,1131,316,321
731,1132,316,321
726,1136,317,321
725,1137,317,321
724,1137,318,321
724,1138,318,320
724,1139,318,319
725,1137,318,320
726,1136,318,320
725,1135,319,321
725,1135,319,321
725,1136,318,321
725,1136,318,321
724,1136,318,322
720,1138,320,322
720,1138,320,322
720,1139,319,322
721,1138,319,322
720,1138,319,323
720,1138,319,323
720,1139,318,323
720,1140,317,323
721,1140,316,323
722,1139,316,323
724,1137,315,324
726,1135,314,325
728,1136,312,324
727,1136,312,325
725,1136,314,325
724,1136,315,325
724,1137,314,325
724,1137,313,326
722,1138,314,326
722,1138,313,327
722,1138,313,327
721,1137,314,328
722,1136,314,328
724,1134,314,328
724,1133,314,329
723,1135,313,329
725,1136,310,329
727,1134,310,329
728,1132,311,329
728,1133,310,329
726,1134,311,329
726,1133,312,329
727,1130,313,330
727,1131,312,330
726,1130,314,330
724,1132,314,330
724,1132,313,331
723,1134,312,331
724,1133,312,331
725,1132,312,331
724,1132,313,331
723,1132,314,331
721,1133,315,331
721,1134,313,332
721,1133,313,333
720,1134,313,333
718,1137,312,333
718,1137,313,332
718,1137,315,330
718,1139,316,327
717,1140,316,327
718,1139,316,327
720,1137,316,327
721,1135,318,326
722,1133,318,327
722,1133,319,326
723,1133,319,325
722,1133,319,326
722,1133,320,325
724,1132,318,326
723,1132,319,326
724,1131,318,327
723,1132,319,326
723,1132,319,326
722,1133,319,326
723,1132,319,326
722,1132,320,326
722,1132,320,326
721,1134,320,325
719,1137,322,322
720,1137,321,322
720,1136,322,322
719,1136,324,321
720,1135,323,322
720,1134,324,322
720,1136,321,323
719,1136,322,323
720,1136,320,324
721,1135,320,324
724,1132,321,323
724,1133,320,323
723,1134,320,323
724,1133,319,324
726,1130,320,324
727,1130,319,324
727,1132,316,325
727,1133,314,326
726,1137,311,326
727,1137,309,327
728,1136,309,327
726,1140,308,326
723,1144,308,325
721,1145,308,326
718,1149,309,324
717,1151,309,323
719,1151,307,323
718,1154,306,322
715,1158,306,321
714,1161,304,321
711,1163,305,321
710,1162,306,322
709,1162,306,323
711,1163,302,324
712,1162,302,324
714,1162,301,323
714,1164,300,322
712,1166,300,322
710,1169,299,322
708,1170,300,322
708,1171,299,322
708,1171,299,322
708,1172,299,321
706,1174,299,321
705,1176,299,320
704,1176,300,320
702,1178,301,319
702,1178,301,319
701,1179,302,318
701,1178,303,318
701,1177,304,318
700,1178,304,318
699,1177,306,318
699,1177,307,317
698,1178,308,316
699,1178,308,315
699,1180,306,315
700,1181,307,312
699,1183,305,313
698,1185,304,313
697,1187,302,314
694,1189,303,314
692,1192,302,314
689,1195,303,313
687,1197,303,313
687,1198,302,313
686,1202,300,312
686,1203,299,312
686,1205,299,310
685,1205,300,310
684,1207,298,311
684,1207,299,310
683,1208,299,310
683,1208,299,310
682,1210,299,309
683,1211,296,310
684,1211,294,311
681,1213,294,312
679,1215,293,313
677,1218,293,312
676,1220,292,312
674,1222,291,313
672,1226,290,312
671,1228,288,313
671,1228,287,314
672,1226,289,313
672,1226,290,312
671,1227,290,312
670,1227,290,313
668,1229,291,312
668,1229,291,312
666,1232,290,312
666,1234,288,312
664,1237,287,312
661,1238,288,313
660,1239,288,313
661,1239,288,312
660,1239,288,313
658,1241,287,314
658,1240,288,314
657,1241,289,313
656,1241,290,313
654,1243,291,312
653,1245,291,311
653,1243,292,312
653,1245,291,311
652,1247,291,310
653,1247,290,310
653,1247,290,310
651,1250,289,310
649,1253,288,310
648,1255,287,310
649,1254,287,310
649,1252,289,310
648,1254,289,309
648,1254,289,309
648,1255,288,309
648,1255,288,309
646,1256,289,309
646,1256,289,309
646,1256,289,309
646,1257,288,309
646,1258,288,308
647,1259,287,307
644,1262,287,307
645,1261,287,307
645,1262,286,307
645,1262,286,307
645,1261,287,307
646,1260,288,306
646,1260,288,306
644,1262,288,306
643,1261,290,306
641,1263,290,306
642,1261,291,306
642,1260,292,306
641,1260,294,305
641,1259,295,305
642,1257,296,305
641,1256,298,305
643,1253,299,305
643,1254,298,305
643,1253,299,305
644,1252,299,305
644,1251,300,305
643,1251,301,305
642,1253,301,304
640,1258,299,303
638,1259,300,303
636,1260,302,302
634,1260,304,302
634,1259,305,302
631,1263,304,302
630,1263,306,301
627,1267,305,301
624,1269,306,301
624,1268,307,301
625,1270,304,301
626,1271,302,301
628,1269,302,301
629,1269,302,300
629,1271,301,299
631,1271,299,299
632,1272,298,298
632,1272,298,298
631,1274,297,298
630,1275,297,298
629,1278,296,297
630,1278,296,296
631,1279,295,295
632,1281,294,293
632,1282,293,293
631,1283,293,293
631,1282,294,293
631,1282,294,293
631,1282,294,293
630,1284,292,294
631,1283,292,294
631,1285,291,293
631,1286,290,293
632,1285,290,293
629,1290,289,292
628,1293,287,292
630,1294,285,291
630,1296,283,291
631,1297,281,291
632,1298,278,292
631,1300,278,291
632,1302,276,290
631,1303,277,289
633,1302,276,289
632,1303,276,289
630,1304,277,289
631,1305,276,288
631,1306,275,288
631,1306,275,288
631,1305,276,288
632,1305,275,288
633,1307,272,288
633,1307,272,288
632,1310,271,287
632,1309,272,287
631,1311,272,286
631,1312,271,286
631,1312,272,285
632,1312,270,286
632,1313,269,286
632,1314,268,286
631,1316,267,286
632,1317,265,286
634,1316,264,286
633,1318,264,285
632,1318,264,286
631,1320,264,285
631,1318,265,286
630,1318,265,287
629,1319,265,287
629,1318,266,287
629,1318,266,287
630,1318,265,287
631,1317,265,287
631,1316,266,287
630,1317,266,287
629,1318,265,288
627,1320,265,288
626,1321,265,288
624,1323,264,289
625,1322,264,289
625,1323,263,289
623,1325,263,289
621,1327,262,290
621,1326,263,290
620,1326,263,291
619,1326,263,292
618,1325,264,293
618,1323,265,294
618,1322,266,294
618,1324,265,293
618,1327,262,293
618,1327,262,293
618,1327,262,293
617,1329,261,293
619,1329,260,292
621,1329,261,289
620,1330,261,289
620,1330,263,287
620,1330,263,287
622,1331,262,285
623,1334,260,283
624,1336,259,281
624,1339,258,279
624,1341,257,278
623,1344,256,277
625,1343,255,277
626,1342,255,277
627,1343,255,275
627,1344,254,275
627,1343,255,275
627,1344,255,274
627,1346,253,274
627,1344,254,275
628,1345,252,275
629,1344,252,275
630,1342,253,275
629,1343,252,276
629,1343,251,277
627,1343,252,278
627,1343,252,278
628,1342,253,277
629,1342,254,275
629,1342,253,276
630,1341,254,275
632,1339,254,275
631,1342,252,275
631,1341,252,276
632,1343,251,274
633,1341,252,274
634,1340,252,274
634,1339,252,275
634,1340,250,276
634,1342,249,275
634,1343,248,275
634,1342,248,276
634,1344,247,275
634,1345,245,276
633,1348,242,277
633,1349,241,277
632,1352,239,277
631,1353,239,277
632,1353,239,276
632,1353,239,276
632,1356,237,275
631,1357,237,275
633,1357,238,272
635,1355,239,271
634,1356,239,271
634,1355,240,271
635,1353,241,271
635,1354,240,271
636,1354,239,271
637,1354,240,269
636,1355,239,270
638,1354,238,270
639,1357,234,270
640,1359,231,270
641,1361,227,271
640,1361,227,272
639,1363,226,272
639,1364,225,272
639,1364,224,273
640,1363,224,273
642,1362,223,273
644,1361,223,272
644,1361,223,272
645,1360,222,273
646,1360,221,273
647,1361,220,272
647,1360,221,272
646,1361,221,272
645,1361,221,273
647,1359,221,273
647,1359,222,272
647,1361,219,273
645,1363,218,274
645,1363,218,274
644,1364,218,274
642,1365,218,275
641,1366,218,275
640,1366,218,276
640,1365,219,276
641,1365,219,275
640,1365,220,275
640,1365,221,274
639,1365,222,274
637,1367,223,273
637,1367,223,273
635,1369,222,274
635,1370,223,272
635,1371,223,271
634,1371,224,271
634,1372,224,270
633,1374,223,270
633,1374,223,270
633,1373,224,270
632,1374,225,269
633,1372,226,269
631,1373,226,270
631,1376,224,269
628,1379,224,269
626,1381,224,269
622,1384,224,270
622,1385,222,271
623,1384,222,271
623,1385,221,271
623,1386,221,270
622,1387,221,270
624,1387,220,269
624,1387,220,269
625,1389,218,268
625,1389,217,269
625,1390,217,268
626,1392,215,267
628,1391,214,267
627,1391,214,268
625,1392,214,269
624,1394,213,269
624,1393,213,270
624,1392,213,271
622,1395,211,272
623,1395,209,273
624,1396,206,274
626,1396,204,274
627,1397,201,275
629,1396,200,275
632,1395,198,275
633,1394,198,275
635,1393,197,275
636,1392,197,275
637,1392,195,276
638,1393,193,276
639,1393,193,275
640,1393,192,275
641,1393,191,275
642,1393,191,274
642,1393,191,274
642,1395,189,274
642,1396,188,274
642,1397,187,274
641,1397,187,275
642,1396,187,275
641,1397,187,275
642,1396,187,275
643,1398,184,275
644,1399,182,275
645,1399,181,275
646,1399,181,274
647,1399,179,275
647,1399,179,275
646,1400,179,275
646,1400,179,275
647,1398,180,275
648,1401,178,273
650,1402,177,271
651,1402,176,271
651,1403,175,271
650,1405,175,270
649,1406,174,271
648,1408,174,270
649,1409,174,268
649,1411,173,267
650,1411,173,266
650,1412,173,265
651,1412,172,265
652,1411,171,266
651,1412,170,267
653,1412,167,268
654,1410,168,268
655,1410,169,266
656,1410,170,264
655,1409,171,265
655,1410,170,265
656,1411,167,266
656,1410,168,266
657,1412,166,265
657,1413,166,264
657,1414,166,263
656,1415,165,264
654,1417,164,265
653,1417,165,265
653,1416,166,265
655,1415,165,265
655,1416,165,264
655,1416,165,264
656,1416,164,264
656,1415,165,264
658,1414,165,263
659,1412,166,263
660,1411,166,263
662,1409,167,262
662,1410,167,261
662,1410,167,261
662,1412,166,260
663,1411,167,259
664,1411,166,259
665,1410,167,258
666,1409,167,258
665,1408,168,259
666,1408,167,259
668,1407,166,259
668,1407,166,259
667,1406,167,260
668,1404,168,260
669,1404,167,260
669,1404,167,260
670,1404,166,260
669,1403,167,261
670,1403,168,259
671,1402,168,259
670,1403,168,259
670,1403,168,259
671,1403,169,257
671,1403,170,256
671,1404,169,256
672,1405,168,255
672,1407,167,254
671,1411,165,253
670,1412,165,253
670,1415,163,252
671,1416,163,250
672,1418,162,248
672,1419,162,247
671,1421,161,247
671,1422,161,246
670,1425,160,245
669,1424,161,246
667,1425,161,247
667,1425,162,246
666,1425,162,247
667,1425,162,246
667,1426,162,245
667,1427,162,244
665,1430,161,244
664,1432,161,243
664,1432,161,243
665,1431,161,243
664,1431,161,244
664,1432,160,244
664,1433,160,243
665,1433,159,243
666,1435,158,241
666,1437,157,240
667,1437,157,239
669,1436,156,239
669,1437,155,239
671,1437,155,237
671,1439,154,236
670,1439,154,237
668,1443,153,236
669,1443,153,235
669,1444,153,234
669,1445,153,233
670,1444,153,233
670,1444,153,233
669,1444,154,233
670,1444,153,233
668,1445,154,233
667,1445,154,234
665,1445,155,235
663,1445,156,236
659,1448,156,237
659,1448,155,238
658,1448,156,238
657,1450,156,237
655,1451,156,238
653,1454,155,238
651,1456,155,238
650,1455,156,239
649,1456,156,239
649,1458,156,237
647,1461,155,237
646,1462,155,237
647,1463,153,237
646,1464,152,238
647,1463,151,239
647,1462,151,240
646,1462,151,241
646,1463,149,242
646,1462,149,243
645,1464,147,244
645,1463,147,245
645,1462,147,246
644,1462,147,247
644,1461,147,248
642,1461,148,249
640,1461,149,250
639,1461,149,251
637,1461,150,252
636,1463,149,252
637,1463,149,251
637,1464,148,251
637,1463,148,252
636,1464,147,253
636,1465,147,252
636,1464,147,253
637,1464,146,253
637,1464,146,253
638,1464,145,253
638,1465,145,252
637,1466,145,252
636,1467,145,252
636,1467,145,252
637,1467,144,252
635,1468,144,253
633,1470,143,254
632,1471,143,254
631,1472,143,254
629,1474,142,255
628,1475,142,255
627,1476,142,255
626,1478,142,254
625,1481,141,253
624,1482,140,254
625,1482,140,253
626,1483,139,252
627,1482,139,252
628,1481,139,252
628,1482,138,252
629,1483,136,252
629,1482,136,253
629,1484,134,253
629,1484,133,254
629,1484,132,255
631,1484,132,253
632,1483,132,253
635,1481,132,252
637,1483,130,250
639,1481,130,250
641,1480,130,249
643,1480,128,249
644,1480,127,249
645,1480,126,249
646,1479,125,250
644,1481,125,250
641,1484,124,251
640,1484,124,252
641,1484,123,252
643,1484,123,250
643,1485,123,249
644,1485,123,248
644,1487,121,248
644,1488,120,248
644,1490,119,247
645,1490,118,247
646,1490,117,247
647,1490,116,247
647,1491,115,247
649,1490,114,247
649,1490,114,247
650,1490,114,246
652,1490,113,245
651,1491,113,245
652,1490,113,245
653,1490,112,245
655,1488,112,245
656,1490,111,243
657,1489,111,243
658,1489,111,242
657,1490,111,242
657,1491,110,242
655,1493,109,243
656,1492,109,243
656,1494,108,242
656,1495,107,242
656,1495,107,242
656,1495,107,242
656,1495,107,242
656,1495,107,242
658,1493,107,242
659,1492,107,242
660,1491,107,242
660,1491,107,242
660,1491,106,243
661,1490,106,243
662,1489,106,243
663,1489,105,243
664,1489,104,243
665,1488,104,243
666,1487,104,243
667,1486,104,243
667,1486,104,243
669,1484,104,243
669,1485,104,242
669,1486,104,241
670,1486,104,240
671,1485,104,240
671,1485,104,240
671,1485,104,240
671,1485,103,241
671,1485,103,241
671,1485,103,241
672,1484,103,241
672,1484,103,241
672,1484,103,241
673,1483,103,241
674,1482,103,241
674,1482,102,242
675,1481,101,243
674,1483,100,243
674,1483,100,243
673,1486,99,242
673,1488,98,241
673,1490,96,241
673,1491,96,240
674,1492,95,239
675,1492,95,238
676,1492,94,238
676,1492,94,238
677,1492,93,238
678,1491,93,238
678,1491,93,238
679,1490,93,238
679,1490,93,238
678,1490,93,239
677,1491,92,240
676,1491,92,241
675,1491,92,242
674,1492,91,243
673,1492,91,244
671,1494,90,245
671,1495,90,244
672,1496,89,243
674,1496,88,242
673,1497,88,242
673,1499,87,241
674,1498,87,241
674,1499,87,240
674,1499,87,240
674,1498,87,241
674,1498,87,241
675,1497,87,241
675,1498,87,240
675,1498,87,240
675,1498,87,240
676,1499,87,238
676,1500,87,237
677,1502,86,235
